,V_f (m^3),work (J)
0,0.1,-0.0
1,0.10020000000000001,-4.981704577880839
2,0.1004,-9.949507641465845
3,0.10060000000000001,-14.903475559710149
4,0.1008,-19.843674253573166
5,0.101,-24.770169199926976
6,0.10120000000000001,-29.68302543541786
7,0.1014,-34.58230756029011
8,0.10160000000000001,-39.468079742169124
9,0.1018,-44.340405719800984
10,0.10200000000000001,-49.199348806757484
11,0.10220000000000001,-54.044971895096594
12,0.1024,-58.877337458989615
13,0.10260000000000001,-63.69650755830523
14,0.1028,-68.50254384215904
15,0.10300000000000001,-73.29550755242607
16,0.1032,-78.07545952721298
17,0.1034,-82.84246020429909
18,0.10360000000000001,-87.59656962453647
19,0.1038,-92.33784743521801
20,0.10400000000000001,-97.06635289341044
21,0.1042,-101.78214486924944
22,0.1044,-106.48528184920576
23,0.10460000000000001,-111.17582193931244
24,0.1048,-115.85382286836224
25,0.10500000000000001,-120.51934199107198
26,0.1052,-125.17243629121124
27,0.10540000000000001,-129.81316238470384
28,0.1056,-134.4415765226924
29,0.1058,-139.05773459457654
30,0.10600000000000001,-143.66169213101585
31,0.1062,-148.2535043069048
32,0.10640000000000001,-152.83322594431806
33,0.1066,-157.4009115154222
34,0.1068,-161.95661514536326
35,0.10700000000000001,-166.50039061512007
36,0.1072,-171.03229136433188
37,0.10740000000000001,-175.55237049409797
38,0.1076,-180.06068076974546
39,0.1078,-184.55727462357453
40,0.10800000000000001,-189.04220415757118
41,0.1082,-193.5155211460962
42,0.10840000000000001,-197.97727703854736
43,0.1086,-202.4275229619916
44,0.10880000000000001,-206.86630972377642
45,0.10900000000000001,-211.29368781411011
46,0.1092,-215.70970740861986
47,0.10940000000000001,-220.1144183708846
48,0.1096,-224.50787025493958
49,0.10980000000000001,-228.89011230776111
50,0.11000000000000001,-233.2611934717223
51,0.1102,-237.6211623870276
52,0.11040000000000001,-241.97006739412365
53,0.1106,-246.30795653608357
54,0.11080000000000001,-250.6348775609724
55,0.11100000000000002,-254.9508779241851
56,0.11120000000000001,-259.2560047907647
57,0.11140000000000001,-263.5503050376983
58,0.1116,-267.8338252561873
59,0.11180000000000001,-272.1066117539009
60,0.112,-276.3687105572019
61,0.11220000000000001,-280.6201674133576
62,0.11240000000000001,-284.8610277927232
63,0.1126,-289.09133689090834
64,0.11280000000000001,-293.3111396309223
65,0.113,-297.5204806652964
66,0.11320000000000001,-301.7194043781897
67,0.1134,-305.9079548874708
68,0.1136,-310.08617604678255
69,0.11380000000000001,-314.2541114475875
70,0.114,-318.4118044211905
71,0.11420000000000001,-322.5592980407468
72,0.1144,-326.69663512324684
73,0.11460000000000001,-330.82385823148627
74,0.11480000000000001,-334.94100967601366
75,0.115,-339.0481315170627
76,0.11520000000000001,-343.14526556646615
77,0.1154,-347.23245338954877
78,0.11560000000000001,-351.30973630700754
79,0.11580000000000001,-355.37715539676935
80,0.116,-359.4347514958346
81,0.11620000000000001,-363.4825652021035
82,0.1164,-367.52063687618295
83,0.11660000000000001,-371.54900664318006
84,0.11680000000000001,-375.5677143944758
85,0.117,-379.5767997894849
86,0.11720000000000001,-383.57630225739854
87,0.1174,-387.5662609989099
88,0.11760000000000001,-391.54671498792646
89,0.11780000000000002,-395.5177029732632
90,0.11800000000000001,-399.47926348032337
91,0.11820000000000001,-403.43143481276275
92,0.1184,-407.37425505413717
93,0.11860000000000001,-411.3077620695386
94,0.11880000000000002,-415.23199350721245
95,0.11900000000000001,-419.14698680016204
96,0.1192,-423.05277916774037
97,0.1194,-426.9494076172226
98,0.11960000000000001,-430.83690894537017
99,0.11980000000000002,-434.7153197399757
100,0.12000000000000001,-438.5846763813971
101,0.1202,-442.44501504407776
102,0.12040000000000001,-446.2963716980505
103,0.12060000000000001,-450.13878211043175
104,0.1208,-453.97228184689885
105,0.12100000000000001,-457.79690627315745
106,0.1212,-461.6126905563924
107,0.12140000000000001,-465.41966966670907
108,0.12160000000000001,-469.2178783785593
109,0.1218,-473.00735127215574
110,0.12200000000000001,-476.7881227348746
111,0.1222,-480.5602269626433
112,0.12240000000000001,-484.3236979613197
113,0.12260000000000001,-488.07856954805476
114,0.1228,-491.82487535264715
115,0.12300000000000001,-495.56264881888404
116,0.1232,-499.2919232058696
117,0.12340000000000001,-503.01273158934396
118,0.12360000000000002,-506.72510686298796
119,0.12380000000000001,-510.4290817397185
120,0.12400000000000001,-514.124688752973
121,0.1242,-517.8119602579796
122,0.12440000000000001,-521.4909284330205
123,0.12460000000000002,-525.1616252806807
124,0.12480000000000001,-528.8240826290883
125,0.125,-532.478332133143
126,0.1252,-536.124405275735
127,0.1254,-539.7623333689512
128,0.12560000000000002,-543.3921475552735
129,0.12580000000000002,-547.0138788087659
130,0.126,-550.62755793625
131,0.1262,-554.2332155784748
132,0.1264,-557.8308822112695
133,0.12660000000000002,-561.420588146693
134,0.12680000000000002,-565.0023635341703
135,0.127,-568.5762383616195
136,0.1272,-572.1422424565716
137,0.1274,-575.7004054872759
138,0.12760000000000002,-579.250756963801
139,0.12780000000000002,-582.7933262391243
140,0.128,-586.3281425102115
141,0.1282,-589.8552348190902
142,0.12840000000000001,-593.3746320539096
143,0.12860000000000002,-596.8863629499954
144,0.12880000000000003,-600.3904560908941
145,0.129,-603.8869399094103
146,0.1292,-607.3758426886309
147,0.12940000000000002,-610.8571925629465
148,0.12960000000000002,-614.3310175190599
149,0.12980000000000003,-617.7973453969882
150,0.13,-621.2562038910584
151,0.1302,-624.7076205508881
152,0.13040000000000002,-628.1516227823665
153,0.13060000000000002,-631.588237848621
154,0.1308,-635.0174928709789
155,0.131,-638.439414829922
156,0.1312,-641.8540305660283
157,0.13140000000000002,-645.2613667809119
158,0.1316,-648.6614500381515
159,0.13180000000000003,-652.054306764215
160,0.132,-655.4399632493682
161,0.1322,-658.8184456485897
162,0.13240000000000002,-662.1897799824633
163,0.1326,-665.553992138075
164,0.1328,-668.9111078698959
165,0.133,-672.2611528006603
166,0.1332,-675.6041524222379
167,0.13340000000000002,-678.9401320964948
168,0.1336,-682.2691170561527
169,0.1338,-685.5911324056367
170,0.134,-688.9062031219198
171,0.1342,-692.2143540553586
172,0.13440000000000002,-695.5156099305223
173,0.1346,-698.8099953470144
174,0.1348,-702.0975347802923
175,0.135,-705.3782525824735
176,0.13520000000000001,-708.6521729831395
177,0.13540000000000002,-711.9193200901339
178,0.1356,-715.179717890351
179,0.1358,-718.433390250522
180,0.136,-721.6803609179912
181,0.13620000000000002,-724.9206535214876
182,0.13640000000000002,-728.1542915718919
183,0.1366,-731.3812984629942
184,0.1368,-734.6016974722504
185,0.137,-737.8155117615261
186,0.13720000000000002,-741.0227643778411
187,0.13740000000000002,-744.2234782541042
188,0.1376,-747.4176762098427
189,0.1378,-750.6053809519295
190,0.138,-753.7866150752978
191,0.13820000000000002,-756.9614010636571
192,0.13840000000000002,-760.1297612901996
193,0.1386,-763.291718018302
194,0.1388,-766.447293402224
195,0.139,-769.5965094877963
196,0.13920000000000002,-772.7393882131087
197,0.13940000000000002,-775.875951409189
198,0.1396,-779.0062208006796
199,0.1398,-782.1302180065072
200,0.14,-785.2479645405466
201,0.14020000000000002,-788.3594818122808
202,0.14040000000000002,-791.464791127456
203,0.1406,-794.5639136887307
204,0.1408,-797.6568705963215
205,0.14100000000000001,-800.7436828486402
206,0.14120000000000002,-803.8243713429312
207,0.14140000000000003,-806.8989568758991
208,0.1416,-809.9674601443357
209,0.1418,-813.0299017457403
210,0.14200000000000002,-816.0863021789329
211,0.14220000000000002,-819.1366818446677
212,0.14240000000000003,-822.1810610462383
213,0.1426,-825.2194599900789
214,0.1428,-828.2518987863637
215,0.14300000000000002,-831.2783974495962
216,0.14320000000000002,-834.2989758992001
217,0.14340000000000003,-837.3136539601012
218,0.1436,-840.3224513633079
219,0.1438,-843.3253877464864
220,0.14400000000000002,-846.32248265453
221,0.14420000000000002,-849.3137555401261
222,0.14440000000000003,-852.2992257643191
223,0.1446,-855.2789125970673
224,0.1448,-858.2528352177981
225,0.14500000000000002,-861.2210127159553
226,0.14520000000000002,-864.1834640915471
227,0.14540000000000003,-867.1402082556862
228,0.1456,-870.0912640311274
229,0.1458,-873.0366501528024
230,0.14600000000000002,-875.9763852683477
231,0.14620000000000002,-878.9104879386309
232,0.14640000000000003,-881.8389766382729
233,0.1466,-884.7618697561644
234,0.1468,-887.6791855959831
235,0.14700000000000002,-890.5909423767001
236,0.1472,-893.4971582330888
237,0.14740000000000003,-896.3978512162286
238,0.1476,-899.2930392940013
239,0.14780000000000001,-902.1827403515892
240,0.14800000000000002,-905.0669721919655
241,0.1482,-907.9457525363832
242,0.1484,-910.8190990248611
243,0.1486,-913.687029216662
244,0.14880000000000002,-916.5495605907741
245,0.14900000000000002,-919.406710546382
246,0.1492,-922.2584964033399
247,0.1494,-925.1049354026386
248,0.1496,-927.9460447068689
249,0.14980000000000002,-930.7818414006824
250,0.15000000000000002,-933.6123424912496
251,0.1502,-936.4375649087134
252,0.1504,-939.2575255066412
253,0.1506,-942.0722410624703
254,0.15080000000000002,-944.8817282779544
255,0.15100000000000002,-947.6860037796035
256,0.1512,-950.485084119123
257,0.1514,-953.2789857738486
258,0.1516,-956.067725147177
259,0.15180000000000002,-958.8513185689958
260,0.15200000000000002,-961.6297822961092
261,0.1522,-964.4031325126595
262,0.1524,-967.1713853305496
263,0.1526,-969.9345567898566
264,0.15280000000000002,-972.6926628592472
265,0.15300000000000002,-975.4457194363887
266,0.1532,-978.1937423483557
267,0.1534,-980.9367473520381
268,0.15360000000000001,-983.6747501345396
269,0.15380000000000002,-986.4077663135797
270,0.15400000000000003,-989.1358114378895
271,0.1542,-991.8589009876057
272,0.1544,-994.5770503746626
273,0.15460000000000002,-997.290274943177
274,0.15480000000000002,-999.9985899698399
275,0.15500000000000003,-1002.7020106642933
276,0.1552,-1005.4005521695142
277,0.1554,-1008.094229562192
278,0.15560000000000002,-1010.7830578531008
279,0.15580000000000002,-1013.4670519874758
280,0.15600000000000003,-1016.1462268453804
281,0.1562,-1018.8205972420741
282,0.1564,-1021.4901779283782
283,0.15660000000000002,-1024.1549835910369
284,0.15680000000000002,-1026.8150288530765
285,0.15700000000000003,-1029.4703282741661
286,0.1572,-1032.120896350967
287,0.1574,-1034.7667475174906
288,0.15760000000000002,-1037.4078961454443
289,0.15780000000000002,-1040.0443565445805
290,0.15800000000000003,-1042.6761429630442
291,0.1582,-1045.3032695877096
292,0.1584,-1047.925750544528
293,0.15860000000000002,-1050.543599898861
294,0.15880000000000002,-1053.1568316558178
295,0.15900000000000003,-1055.7654597605901
296,0.1592,-1058.36949809878
297,0.15940000000000001,-1060.9689604967339
298,0.15960000000000002,-1063.5638607218648
299,0.15980000000000003,-1066.1542124829796
300,0.16000000000000003,-1068.7400294306017
301,0.1602,-1071.3213251572888
302,0.16040000000000001,-1073.8981131979544
303,0.16060000000000002,-1076.4704070301807
304,0.16080000000000003,-1079.0382200745348
305,0.16100000000000003,-1081.6015656948791
306,0.1612,-1084.160457198681
307,0.16140000000000002,-1086.7149078373218
308,0.16160000000000002,-1089.2649308064006
309,0.16180000000000003,-1091.8105392460384
310,0.16200000000000003,-1094.3517462411805
311,0.1622,-1096.8885648218939
312,0.16240000000000002,-1099.4210079636673
313,0.16260000000000002,-1101.9490885877046
314,0.1628,-1104.4728195612188
315,0.16300000000000003,-1106.9922136977252
316,0.1632,-1109.5072837573282
317,0.16340000000000002,-1112.0180424470118
318,0.16360000000000002,-1114.524502420924
319,0.1638,-1117.0266762806605
320,0.16400000000000003,-1119.5245765755487
321,0.1642,-1122.0182158029245
322,0.16440000000000002,-1124.5076064084146
323,0.16460000000000002,-1126.9927607862105
324,0.1648,-1129.4736912793437
325,0.16500000000000004,-1131.95041017996
326,0.1652,-1134.4229297295874
327,0.16540000000000002,-1136.8912621194106
328,0.16560000000000002,-1139.3554194905332
329,0.1658,-1141.815413934247
330,0.16600000000000004,-1144.2712574922966
331,0.16620000000000001,-1146.7229621571378
332,0.16640000000000002,-1149.1705398722038
333,0.16660000000000003,-1151.6140025321597
334,0.1668,-1154.0533619831622
335,0.16700000000000004,-1156.4886300231155
336,0.16720000000000002,-1158.9198184019228
337,0.16740000000000002,-1161.346938821743
338,0.16760000000000003,-1163.7700029372375
339,0.1678,-1166.1890223558207
340,0.16800000000000004,-1168.6040086379094
341,0.16820000000000002,-1171.014973297165
342,0.16840000000000002,-1173.4219278007422
343,0.16860000000000003,-1175.8248835695283
344,0.1688,-1178.2238519783862
345,0.169,-1180.6188443563942
346,0.16920000000000002,-1183.009871987084
347,0.16940000000000002,-1185.3969461086763
348,0.16960000000000003,-1187.7800779143186
349,0.1698,-1190.1592785523146
350,0.17,-1192.5345591263617
351,0.17020000000000002,-1194.9059306957774
352,0.17040000000000002,-1197.273404275731
353,0.17060000000000003,-1199.6369908374706
354,0.1708,-1201.9967013085484
355,0.171,-1204.3525465730484
356,0.17120000000000002,-1206.7045374718068
357,0.17140000000000002,-1209.0526848026363
358,0.17160000000000003,-1211.3969993205465
359,0.1718,-1213.7374917379616
360,0.17200000000000001,-1216.0741727249406
361,0.17220000000000002,-1218.4070529093924
362,0.17240000000000003,-1220.7361428772913
363,0.17260000000000003,-1223.061453172892
364,0.1728,-1225.3829942989394
365,0.17300000000000001,-1227.7007767168834
366,0.17320000000000002,-1230.0148108470858
367,0.1734,-1232.3251070690305
368,0.17360000000000003,-1234.631675721531
369,0.1738,-1236.9345271029345
370,0.17400000000000002,-1239.2336714713285
371,0.17420000000000002,-1241.5291190447442
372,0.1744,-1243.8208800013563
373,0.17460000000000003,-1246.1089644796891
374,0.1748,-1248.3933825788088
375,0.17500000000000002,-1250.674144358529
376,0.17520000000000002,-1252.951259839604
377,0.1754,-1255.2247390039254
378,0.17560000000000003,-1257.4945917947186
379,0.1758,-1259.7608281167331
380,0.17600000000000002,-1262.0234578364389
381,0.17620000000000002,-1264.282490782215
382,0.1764,-1266.5379367445403
383,0.17660000000000003,-1268.789805476183
384,0.1768,-1271.0381066923865
385,0.17700000000000002,-1273.2828500710596
386,0.17720000000000002,-1275.5240452529583
387,0.1774,-1277.7617018418719
388,0.17760000000000004,-1279.9958294048067
389,0.1778,-1282.2264374721663
390,0.17800000000000002,-1284.4535355379344
391,0.17820000000000003,-1286.6771330598538
392,0.1784,-1288.8972394596053
393,0.17860000000000004,-1291.1138641229875
394,0.17880000000000001,-1293.3270164000878
395,0.17900000000000002,-1295.5367056054656
396,0.17920000000000003,-1297.7429410183204
397,0.1794,-1299.9457318826692
398,0.17960000000000004,-1302.1450874075176
399,0.17980000000000002,-1304.3410167670304
400,0.18000000000000002,-1306.5335291007045
401,0.18020000000000003,-1308.7226335135354
402,0.1804,-1310.9083390761866
403,0.18060000000000004,-1313.0906548251578
404,0.18080000000000002,-1315.26958976295
405,0.18100000000000002,-1317.445152858233
406,0.18120000000000003,-1319.6173530460057
407,0.1814,-1321.7861992277635
408,0.18160000000000004,-1323.9517002716595
409,0.18180000000000002,-1326.1138650126645
410,0.18200000000000002,-1328.2727022527292
411,0.18220000000000003,-1330.4282207609435
412,0.1824,-1332.5804292736937
413,0.18260000000000004,-1334.7293364948223
414,0.18280000000000002,-1336.8749510957837
415,0.18300000000000002,-1339.0172817157986
416,0.18320000000000003,-1341.1563369620112
417,0.1834,-1343.2921254096418
418,0.18360000000000004,-1345.4246556021412
419,0.18380000000000002,-1347.5539360513408
420,0.18400000000000002,-1349.6799752376048
421,0.18420000000000003,-1351.8027816099818
422,0.1844,-1353.922363586352
423,0.18460000000000004,-1356.0387295535786
424,0.18480000000000002,-1358.1518878676525
425,0.18500000000000003,-1360.2618468538417
426,0.18520000000000003,-1362.368614806836
427,0.1854,-1364.4721999908916
428,0.18560000000000001,-1366.5726106399784
429,0.18580000000000002,-1368.66985495792
430,0.18600000000000003,-1370.7639411185382
431,0.18620000000000003,-1372.8548772657946
432,0.1864,-1374.942671513931
433,0.18660000000000002,-1377.027331947611
434,0.18680000000000002,-1379.1088666220571
435,0.18700000000000003,-1381.1872835631925
436,0.18720000000000003,-1383.2625907677757
437,0.1874,-1385.3347962035386
438,0.18760000000000002,-1387.4039078093242
439,0.18780000000000002,-1389.4699334952202
440,0.18800000000000003,-1391.532881142694
441,0.18820000000000003,-1393.5927586047264
442,0.1884,-1395.6495737059458
443,0.18860000000000002,-1397.7033342427599
444,0.18880000000000002,-1399.7540479834865
445,0.189,-1401.8017226684856
446,0.18920000000000003,-1403.8463660102886
447,0.1894,-1405.8879856937274
448,0.18960000000000002,-1407.9265893760646
449,0.18980000000000002,-1409.96218468712
450,0.19,-1411.9947792293976
451,0.19020000000000004,-1414.0243805782125
452,0.1904,-1416.0509962818169
453,0.19060000000000002,-1418.0746338615247
454,0.19080000000000003,-1420.0953008118358
455,0.191,-1422.1130046005596
456,0.19120000000000004,-1424.1277526689382
457,0.19140000000000001,-1426.1395524317677
458,0.19160000000000002,-1428.1484112775217
459,0.19180000000000003,-1430.1543365684697
460,0.192,-1432.1573356407987
461,0.19220000000000004,-1434.1574158047324
462,0.19240000000000002,-1436.1545843446495
463,0.19260000000000002,-1438.1488485192026
464,0.19280000000000003,-1440.1402155614355
465,0.193,-1442.1286926788991
466,0.19320000000000004,-1444.1142870537683
467,0.19340000000000002,-1446.0970058429577
468,0.19360000000000002,-1448.076856178237
469,0.19380000000000003,-1450.053845166342
470,0.194,-1452.0279798890929
471,0.19420000000000004,-1453.9992674035045
472,0.19440000000000002,-1455.967714741898
473,0.19460000000000002,-1457.9333289120138
474,0.19480000000000003,-1459.896116897124
475,0.195,-1461.856085656139
476,0.19520000000000004,-1463.8132421237212
477,0.19540000000000002,-1465.767593210392
478,0.19560000000000002,-1467.7191458026416
479,0.19580000000000003,-1469.6679067630357
480,0.196,-1471.6138829303245
481,0.19620000000000004,-1473.5570811195496
482,0.19640000000000002,-1475.4975081221473
483,0.19660000000000002,-1477.4351707060587
484,0.19680000000000003,-1479.3700756158312
485,0.197,-1481.3022295727249
486,0.19720000000000004,-1483.2316392748169
487,0.19740000000000002,-1485.1583113971024
488,0.19760000000000003,-1487.0822525915994
489,0.19780000000000003,-1489.0034694874519
490,0.198,-1490.9219686910278
491,0.19820000000000004,-1492.8377567860257
492,0.19840000000000002,-1494.7508403335682
493,0.19860000000000003,-1496.6612258723096
494,0.19880000000000003,-1498.5689199185304
495,0.199,-1500.473928966237
496,0.19920000000000004,-1502.3762594872628
497,0.19940000000000002,-1504.2759179313614
498,0.19960000000000003,-1506.1729107263093
499,0.19980000000000003,-1508.0672442779987
500,0.2,-1509.958924970535
501,0.20020000000000004,-1511.847959166334
502,0.20040000000000002,-1513.7343532062148
503,0.20060000000000003,-1515.6181134094966
504,0.20080000000000003,-1517.4992460740916
505,0.201,-1519.377757476599
506,0.20120000000000002,-1521.2536538724
507,0.20140000000000002,-1523.126941495747
508,0.20160000000000003,-1524.9976265598593
509,0.20180000000000003,-1526.865715257013
510,0.202,-1528.7312137586327
511,0.20220000000000002,-1530.5941282153829
512,0.20240000000000002,-1532.4544647572561
513,0.20260000000000003,-1534.312229493666
514,0.20280000000000004,-1536.1674285135339
515,0.203,-1538.020067885379
516,0.20320000000000002,-1539.870153657407
517,0.20340000000000003,-1541.717691857596
518,0.20360000000000003,-1543.562688493787
519,0.20380000000000004,-1545.4051495537688
520,0.20400000000000001,-1547.2450810053642
521,0.20420000000000002,-1549.0824887965186
522,0.20440000000000003,-1550.9173788553821
523,0.2046,-1552.7497570903975
524,0.20480000000000004,-1554.5796293903836
525,0.20500000000000002,-1556.4070016246199
526,0.20520000000000002,-1558.2318796429313
527,0.20540000000000003,-1560.054269275768
528,0.2056,-1561.8741763342941
529,0.20580000000000004,-1563.6916066104645
530,0.20600000000000002,-1565.506565877111
531,0.20620000000000002,-1567.319059888022
532,0.20640000000000003,-1569.1290943780232
533,0.2066,-1570.9366750630602
534,0.20680000000000004,-1572.7418076402782
535,0.20700000000000002,-1574.5444977881007
536,0.20720000000000002,-1576.3447511663117
537,0.20740000000000003,-1578.1425734161307
538,0.2076,-1579.9379701602961
539,0.20780000000000004,-1581.7309470031407
540,0.20800000000000002,-1583.5215095306685
541,0.20820000000000002,-1585.309663310637
542,0.20840000000000003,-1587.0954138926277
543,0.2086,-1588.878766808129
544,0.20880000000000004,-1590.659727570608
545,0.20900000000000002,-1592.438301675589
546,0.20920000000000002,-1594.2144946007272
547,0.20940000000000003,-1595.9883118058854
548,0.2096,-1597.759758733208
549,0.20980000000000004,-1599.5288408071951
550,0.21000000000000002,-1601.2955634347768
551,0.21020000000000003,-1603.059932005387
552,0.21040000000000003,-1604.8219518910355
553,0.2106,-1606.5816284463826
554,0.21080000000000004,-1608.3389670088104
555,0.21100000000000002,-1610.0939728984945
556,0.21120000000000003,-1611.8466514184765
557,0.21140000000000003,-1613.5970078547352
558,0.2116,-1615.345047476258
559,0.21180000000000004,-1617.09077553511
560,0.21200000000000002,-1618.8341972665057
561,0.21220000000000003,-1620.5753178888797
562,0.21240000000000003,-1622.3141426039524
563,0.2126,-1624.0506765968044
564,0.21280000000000004,-1625.784925035941
565,0.21300000000000002,-1627.516893073364
566,0.21320000000000003,-1629.2465858446362
567,0.21340000000000003,-1630.9740084689543
568,0.2136,-1632.69916604921
569,0.21380000000000005,-1634.422063672063
570,0.21400000000000002,-1636.1427064080037
571,0.21420000000000003,-1637.861099311422
572,0.21440000000000003,-1639.577247420673
573,0.2146,-1641.291155758141
574,0.21480000000000005,-1643.0028293303071
575,0.21500000000000002,-1644.7122731278143
576,0.21520000000000003,-1646.4194921255296
577,0.21540000000000004,-1648.1244912826128
578,0.2156,-1649.8272755425755
579,0.21580000000000005,-1651.52784983335
580,0.21600000000000003,-1653.2262190673491
581,0.21620000000000003,-1654.9223881415307
582,0.21640000000000004,-1656.6163619374618
583,0.21660000000000001,-1658.3081453213777
584,0.21680000000000002,-1659.9977431442483
585,0.21700000000000003,-1661.6851602418371
586,0.21720000000000003,-1663.3704014347636
587,0.21740000000000004,-1665.0534715285664
588,0.21760000000000002,-1666.7343753137607
589,0.21780000000000002,-1668.413117565902
590,0.21800000000000003,-1670.0897030456451
591,0.21820000000000003,-1671.7641364988049
592,0.21840000000000004,-1673.4364226564162
593,0.21860000000000002,-1675.1065662347914
594,0.21880000000000002,-1676.7745719355833
595,0.21900000000000003,-1678.4404444458405
596,0.21920000000000003,-1680.1041884380675
597,0.21940000000000004,-1681.7658085702844
598,0.21960000000000002,-1683.4253094860821
599,0.21980000000000002,-1685.0826958146824
600,0.22000000000000003,-1686.7379721709942
601,0.2202,-1688.3911431556714
602,0.22040000000000004,-1690.042213355171
603,0.22060000000000002,-1691.6911873418053
604,0.22080000000000002,-1693.3380696738043
605,0.22100000000000003,-1694.9828648953676
606,0.2212,-1696.6255775367213
607,0.22140000000000004,-1698.2662121141748
608,0.22160000000000002,-1699.9047731301732
609,0.22180000000000002,-1701.541265073356
610,0.22200000000000003,-1703.1756924186097
611,0.2222,-1704.8080596271213
612,0.22240000000000004,-1706.4383711464352
613,0.22260000000000002,-1708.0666314105051
614,0.22280000000000003,-1709.6928448397482
615,0.22300000000000003,-1711.317015841099
616,0.2232,-1712.9391488080628
617,0.22340000000000004,-1714.5592481207668
618,0.22360000000000002,-1716.177318146015
619,0.22380000000000003,-1717.7933632373395
620,0.22400000000000003,-1719.4073877350527
621,0.2242,-1721.0193959662984
622,0.22440000000000004,-1722.6293922451064
623,0.22460000000000002,-1724.2373808724394
624,0.22480000000000003,-1725.8433661362483
625,0.22500000000000003,-1727.447352311521
626,0.22520000000000004,-1729.0493436603333
627,0.22540000000000002,-1730.6493444318987
628,0.22560000000000002,-1732.2473588626215
629,0.22580000000000003,-1733.8433911761426
630,0.22600000000000003,-1735.4374455833915
631,0.22620000000000004,-1737.029526282637
632,0.22640000000000002,-1738.6196374595327
633,0.22660000000000002,-1740.20778328717
634,0.22680000000000003,-1741.7939679261249
635,0.22700000000000004,-1743.3781955245051
636,0.22720000000000004,-1744.9604702180018
637,0.22740000000000002,-1746.5407961299345
638,0.22760000000000002,-1748.1191773713015
639,0.22780000000000003,-1749.6956180408251
640,0.22800000000000004,-1751.2701222250007
641,0.22820000000000004,-1752.8426939981434
642,0.22840000000000002,-1754.4133374224343
643,0.22860000000000003,-1755.9820565479688
644,0.22880000000000003,-1757.5488554128015
645,0.22900000000000004,-1759.1137380429932
646,0.22920000000000004,-1760.6767084526573
647,0.22940000000000002,-1762.2377706440047
648,0.22960000000000003,-1763.7969286073899
649,0.22980000000000003,-1765.3541863213568
650,0.23000000000000004,-1766.909547752684
651,0.23020000000000002,-1768.4630168564283
652,0.23040000000000002,-1770.014597575972
653,0.23060000000000003,-1771.564293843064
654,0.23080000000000003,-1773.1121095778676
655,0.23100000000000004,-1774.6580486890039
656,0.23120000000000002,-1776.2021150735932
657,0.23140000000000002,-1777.744312617302
658,0.23160000000000003,-1779.2846451943838
659,0.23180000000000003,-1780.8231166677256
660,0.23200000000000004,-1782.3597308888882
661,0.23220000000000002,-1783.8944916981497
662,0.23240000000000002,-1785.4274029245498
663,0.23260000000000003,-1786.95846838593
664,0.23280000000000003,-1788.4876918889784
665,0.23300000000000004,-1790.0150772292695
666,0.23320000000000002,-1791.5406281913079
667,0.23340000000000002,-1793.0643485485693
668,0.23360000000000003,-1794.5862420635415
669,0.23380000000000004,-1796.1063124877678
670,0.23400000000000004,-1797.6245635618848
671,0.23420000000000002,-1799.1409990156676
672,0.23440000000000003,-1800.6556225680665
673,0.23460000000000003,-1802.1684379272508
674,0.23480000000000004,-1803.6794487906468
675,0.23500000000000004,-1805.18865884498
676,0.23520000000000002,-1806.6960717663137
677,0.23540000000000003,-1808.2016912200895
678,0.23560000000000003,-1809.7055208611673
679,0.23580000000000004,-1811.2075643338649
680,0.23600000000000004,-1812.7078252719953
681,0.23620000000000002,-1814.2063072989083
682,0.23640000000000003,-1815.7030140275288
683,0.23660000000000003,-1817.1979490603949
684,0.23680000000000004,-1818.6911159896977
685,0.23700000000000004,-1820.1825183973178
686,0.23720000000000002,-1821.6721598548654
687,0.23740000000000003,-1823.1600439237177
688,0.23760000000000003,-1824.646174155057
689,0.23780000000000004,-1826.130554089908
690,0.23800000000000002,-1827.6131872591754
691,0.23820000000000002,-1829.0940771836824
692,0.23840000000000003,-1830.573227374206
693,0.23860000000000003,-1832.0506413315159
694,0.23880000000000004,-1833.52632254641
695,0.23900000000000002,-1835.000274499752
696,0.23920000000000002,-1836.472500662508
697,0.23940000000000003,-1837.9430044957826
698,0.23960000000000004,-1839.411789450854
699,0.23980000000000004,-1840.8788589692117
700,0.24000000000000002,-1842.344216482593
701,0.24020000000000002,-1843.8078654130168
702,0.24040000000000003,-1845.2698091728196
703,0.24060000000000004,-1846.7300511646913
704,0.24080000000000004,-1848.188594781711
705,0.24100000000000002,-1849.6454434073821
706,0.24120000000000003,-1851.1006004156652
707,0.24140000000000003,-1852.5540691710157
708,0.24160000000000004,-1854.0058530284166
709,0.24180000000000004,-1855.4559553334134
710,0.24200000000000002,-1856.9043794221488
711,0.24220000000000003,-1858.351128621397
712,0.24240000000000003,-1859.7962062485972
713,0.24260000000000004,-1861.239615611887
714,0.24280000000000004,-1862.6813600101368
715,0.24300000000000002,-1864.1214427329842
716,0.24320000000000003,-1865.559867060866
717,0.24340000000000003,-1866.996636265052
718,0.24360000000000004,-1868.4317536076778
719,0.24380000000000004,-1869.8652223417787
720,0.24400000000000002,-1871.2970457113215
721,0.24420000000000003,-1872.727226951238
722,0.24440000000000003,-1874.1557692874565
723,0.24460000000000004,-1875.5826759369356
724,0.24480000000000005,-1877.0079501076953
725,0.24500000000000002,-1878.4315949988502
726,0.24520000000000003,-1879.8536138006396
727,0.24540000000000003,-1881.274009694461
728,0.24560000000000004,-1882.692785852902
729,0.24580000000000002,-1884.1099454397702
730,0.24600000000000002,-1885.5254916101262
731,0.24620000000000003,-1886.9394275103143
732,0.24640000000000004,-1888.351756277993
733,0.24660000000000004,-1889.7624810421673
734,0.24680000000000002,-1891.1716049232184
735,0.24700000000000003,-1892.5791310329348
736,0.24720000000000003,-1893.9850624745432
737,0.24740000000000004,-1895.3894023427388
738,0.24760000000000004,-1896.7921537237157
739,0.24780000000000002,-1898.1933196951964
740,0.24800000000000003,-1899.5929033264633
741,0.24820000000000003,-1900.990907678387
742,0.24840000000000004,-1902.387335803457
743,0.24860000000000004,-1903.7821907458117
744,0.24880000000000002,-1905.1754755412667
745,0.24900000000000003,-1906.5671932173466
746,0.24920000000000003,-1907.957346793311
747,0.24940000000000004,-1909.3459392801858
748,0.24960000000000004,-1910.7329736807922
749,0.24980000000000002,-1912.1184529897753
750,0.25,-1913.502380193632
751,0.25020000000000003,-1914.884758270742
752,0.25040000000000007,-1916.2655901913936
753,0.25060000000000004,-1917.6448789178125
754,0.2508,-1919.0226274041927
755,0.251,-1920.3988385967225
756,0.25120000000000003,-1921.7735154336126
757,0.25140000000000007,-1923.1466608451242
758,0.25160000000000005,-1924.5182777535967
759,0.2518,-1925.8883690734765
760,0.252,-1927.256937711344
761,0.25220000000000004,-1928.6239865659395
762,0.25240000000000007,-1929.9895185281935
763,0.25260000000000005,-1931.3535364812496
764,0.2528,-1932.7160433004976
765,0.253,-1934.0770418535944
766,0.25320000000000004,-1935.4365350004964
767,0.25340000000000007,-1936.7945255934799
768,0.25360000000000005,-1938.151016477174
769,0.2538,-1939.5060104885833
770,0.254,-1940.8595104571168
771,0.25420000000000004,-1942.211519204612
772,0.25440000000000007,-1943.562039545361
773,0.25460000000000005,-1944.9110742861385
774,0.2548,-1946.2586262262273
775,0.255,-1947.6046981574432
776,0.25520000000000004,-1948.9492928641612
777,0.25540000000000007,-1950.2924131233415
778,0.25560000000000005,-1951.6340617045535
779,0.2558,-1952.9742413700042
780,0.256,-1954.3129548745605
781,0.25620000000000004,-1955.650204965777
782,0.2564000000000001,-1956.9859943839183
783,0.25660000000000005,-1958.320325861986
784,0.25680000000000003,-1959.6532021257428
785,0.257,-1960.9846258937391
786,0.25720000000000004,-1962.3145998773348
787,0.2574000000000001,-1963.6431267807252
788,0.25760000000000005,-1964.970209300965
789,0.25780000000000003,-1966.2958501279957
790,0.258,-1967.6200519446643
791,0.25820000000000004,-1968.9428174267534
792,0.2584000000000001,-1970.2641492430002
793,0.25860000000000005,-1971.5840500551235
794,0.25880000000000003,-1972.9025225178466
795,0.259,-1974.219569278922
796,0.25920000000000004,-1975.5351929791539
797,0.2594000000000001,-1976.8493962524217
798,0.25960000000000005,-1978.1621817257042
799,0.25980000000000003,-1979.4735520191034
800,0.26,-1980.7835097458665
801,0.26020000000000004,-1982.09205751241
802,0.2604000000000001,-1983.3991979183425
803,0.26060000000000005,-1984.7049335564875
804,0.26080000000000003,-1986.0092670129063
805,0.261,-1987.312200866922
806,0.26120000000000004,-1988.6137376911406
807,0.2614000000000001,-1989.9138800514743
808,0.26160000000000005,-1991.2126305071629
809,0.26180000000000003,-1992.5099916107995
810,0.262,-1993.8059659083488
811,0.26220000000000004,-1995.1005559391724
812,0.2624,-1996.393764236049
813,0.26260000000000006,-1997.6855933251968
814,0.26280000000000003,-1998.976045726297
815,0.263,-2000.2651239525135
816,0.26320000000000005,-2001.5528305105167
817,0.2634,-2002.8391679005038
818,0.26360000000000006,-2004.1241386162208
819,0.26380000000000003,-2005.4077451449834
820,0.264,-2006.6899899677
821,0.26420000000000005,-2007.970875558893
822,0.2644,-2009.2504043867173
823,0.26460000000000006,-2010.5285789129848
824,0.26480000000000004,-2011.8054015931828
825,0.265,-2013.080874876498
826,0.26520000000000005,-2014.3550012058342
827,0.2654,-2015.6277830178358
828,0.26560000000000006,-2016.8992227429069
829,0.26580000000000004,-2018.1693228052316
830,0.266,-2019.4380856227967
831,0.26620000000000005,-2020.705513607411
832,0.2664,-2021.9716091647247
833,0.26660000000000006,-2023.2363746942515
834,0.26680000000000004,-2024.4998125893865
835,0.267,-2025.7619252374298
836,0.26720000000000005,-2027.0227150196042
837,0.2674,-2028.2821843110755
838,0.26760000000000006,-2029.5403354809719
839,0.26780000000000004,-2030.7971708924047
840,0.268,-2032.0526929024888
841,0.26820000000000005,-2033.3069038623617
842,0.2684,-2034.5598061172009
843,0.26860000000000006,-2035.8114020062483
844,0.26880000000000004,-2037.0616938628232
845,0.269,-2038.3106840143478
846,0.26920000000000005,-2039.5583747823644
847,0.26940000000000003,-2040.804768482552
848,0.26960000000000006,-2042.0498674247488
849,0.26980000000000004,-2043.2936739129698
850,0.27,-2044.5361902454258
851,0.2702,-2045.777418714543
852,0.27040000000000003,-2047.0173616069815
853,0.27060000000000006,-2048.2560212036524
854,0.27080000000000004,-2049.49339977974
855,0.271,-2050.7294996047162
856,0.2712,-2051.9643229423637
857,0.27140000000000003,-2053.1978720507905
858,0.27160000000000006,-2054.43014918245
859,0.27180000000000004,-2055.661156584158
860,0.272,-2056.890896497114
861,0.2722,-2058.1193711569167
862,0.27240000000000003,-2059.346582793583
863,0.27260000000000006,-2060.572533631564
864,0.27280000000000004,-2061.7972258897667
865,0.273,-2063.0206617815693
866,0.2732,-2064.2428435148395
867,0.27340000000000003,-2065.4637732919537
868,0.27360000000000007,-2066.6834533098113
869,0.27380000000000004,-2067.901885759855
870,0.274,-2069.1190728280885
871,0.2742,-2070.3350166950922
872,0.27440000000000003,-2071.5497195360435
873,0.27460000000000007,-2072.7631835207294
874,0.27480000000000004,-2073.9754108135667
875,0.275,-2075.1864035736226
876,0.2752,-2076.396163954624
877,0.27540000000000003,-2077.6046941049817
878,0.27560000000000007,-2078.811996167802
879,0.27580000000000005,-2080.018072280908
880,0.276,-2081.2229245768544
881,0.2762,-2082.426555182943
882,0.27640000000000003,-2083.628966221244
883,0.27660000000000007,-2084.830159808605
884,0.27680000000000005,-2086.0301380566757
885,0.277,-2087.2289030719194
886,0.2772,-2088.4264569556317
887,0.27740000000000004,-2089.6228018039546
888,0.27760000000000007,-2090.8179397078966
889,0.27780000000000005,-2092.0118727533445
890,0.278,-2093.204603021083
891,0.2782,-2094.3961325868095
892,0.27840000000000004,-2095.58646352115
893,0.27860000000000007,-2096.7755978896766
894,0.27880000000000005,-2097.963537752921
895,0.279,-2099.1502851663918
896,0.2792,-2100.3358421805915
897,0.27940000000000004,-2101.520210841031
898,0.27960000000000007,-2102.7033931882424
899,0.27980000000000005,-2103.8853912578015
900,0.28,-2105.0662070803373
901,0.2802,-2106.24584268155
902,0.28040000000000004,-2107.424300082228
903,0.28060000000000007,-2108.601581298258
904,0.28080000000000005,-2109.777688340647
905,0.281,-2110.952623215533
906,0.2812,-2112.126387924202
907,0.28140000000000004,-2113.2989844631034
908,0.2816000000000001,-2114.470414823864
909,0.28180000000000005,-2115.6406809933032
910,0.28200000000000003,-2116.8097849534497
911,0.2822,-2117.9777286815543
912,0.28240000000000004,-2119.144514150106
913,0.2826000000000001,-2120.3101433268466
914,0.28280000000000005,-2121.4746181747855
915,0.28300000000000003,-2122.6379406522137
916,0.2832,-2123.8001127127195
917,0.28340000000000004,-2124.9611363052036
918,0.2836000000000001,-2126.1210133738914
919,0.28380000000000005,-2127.279745858349
920,0.28400000000000003,-2128.437335693498
921,0.2842,-2129.593784809629
922,0.28440000000000004,-2130.749095132417
923,0.2846000000000001,-2131.9032685829347
924,0.28480000000000005,-2133.0563070776657
925,0.28500000000000003,-2134.2082125285215
926,0.2852,-2135.3589868428544
927,0.28540000000000004,-2136.5086319234697
928,0.2856000000000001,-2137.657149668642
929,0.28580000000000005,-2138.8045419721284
930,0.28600000000000003,-2139.950810723183
931,0.2862,-2141.0959578065695
932,0.28640000000000004,-2142.2399851025757
933,0.2866000000000001,-2143.3828944870274
934,0.28680000000000005,-2144.524687831301
935,0.28700000000000003,-2145.6653670023397
936,0.2872,-2146.8049338626647
937,0.28740000000000004,-2147.9433902703886
938,0.2876000000000001,-2149.0807380792317
939,0.28780000000000006,-2150.2169791385318
940,0.28800000000000003,-2151.352115293259
941,0.2882,-2152.4861483840314
942,0.28840000000000005,-2153.6190802471247
943,0.2886000000000001,-2154.7509127144867
944,0.28880000000000006,-2155.8816476137536
945,0.28900000000000003,-2157.011286768256
946,0.2892,-2158.1398319970403
947,0.28940000000000005,-2159.2672851148764
948,0.2896000000000001,-2160.393647932271
949,0.28980000000000006,-2161.5189222554836
950,0.29000000000000004,-2162.643109886536
951,0.2902,-2163.766212623227
952,0.29040000000000005,-2164.888232259146
953,0.2906000000000001,-2166.009170583682
954,0.29080000000000006,-2167.1290293820425
955,0.29100000000000004,-2168.2478104352585
956,0.2912,-2169.365515520203
957,0.29140000000000005,-2170.482146409604
958,0.2916000000000001,-2171.5977048720497
959,0.29180000000000006,-2172.712192672011
960,0.29200000000000004,-2173.825611569845
961,0.2922,-2174.937963321814
962,0.29240000000000005,-2176.049249680094
963,0.2926000000000001,-2177.159472392788
964,0.29280000000000006,-2178.2686332039384
965,0.29300000000000004,-2179.3767338535395
966,0.2932,-2180.4837760775495
967,0.29340000000000005,-2181.589761607902
968,0.2936,-2182.6946921725184
969,0.29380000000000006,-2183.7985694953213
970,0.29400000000000004,-2184.901395296242
971,0.2942,-2186.003171291239
972,0.29440000000000005,-2187.103899192306
973,0.29460000000000003,-2188.203580707481
974,0.29480000000000006,-2189.3022175408664
975,0.29500000000000004,-2190.399811392632
976,0.2952,-2191.496363959031
977,0.29540000000000005,-2192.5918769324126
978,0.29560000000000003,-2193.6863520012303
979,0.29580000000000006,-2194.7797908500575
980,0.29600000000000004,-2195.8721951595935
981,0.2962,-2196.963566606682
982,0.29640000000000005,-2198.0539068643166
983,0.29660000000000003,-2199.1432176016556
984,0.29680000000000006,-2200.231500484032
985,0.29700000000000004,-2201.318757172964
986,0.2972,-2202.40498932617
987,0.29740000000000005,-2203.4901985975744
988,0.29760000000000003,-2204.574386637324
989,0.29780000000000006,-2205.6575550917955
990,0.29800000000000004,-2206.739705603609
991,0.2982,-2207.820839811637
992,0.29840000000000005,-2208.9009593510177
993,0.29860000000000003,-2209.980065853164
994,0.29880000000000007,-2211.058160945776
995,0.29900000000000004,-2212.1352462528503
996,0.2992,-2213.211323394693
997,0.29940000000000005,-2214.286393987928
998,0.29960000000000003,-2215.3604596455116
999,0.29980000000000007,-2216.433521976738
1000,0.30000000000000004,-2217.505582587255
